Model,MAE,RMSE,R²,Adjusted R²
CatBoost,0.5260654149394989,0.8262526310950847,0.9989289356503874,0.9989273786366956
